{"root":[{"assemblyName":"Unity.Services.Core.Internal","nameSpace":"Unity.Services.Core.Internal","className":"TaskAsyncOperation","methodName":"SetScheduler","loadTypes":1,"isUnityClass":true},{"assemblyName":"Unity.Services.Core.Internal","nameSpace":"Unity.Services.Core.Internal","className":"UnityServicesInitializer","methodName":"CreateStaticInstance","loadTypes":2,"isUnityClass":true},{"assemblyName":"Unity.Services.Core.Internal","nameSpace":"Unity.Services.Core.Internal","className":"UnityServicesInitializer","methodName":"EnableServicesInitializationAsync","loadTypes":0,"isUnityClass":true},{"assemblyName":"Unity.Services.Core","nameSpace":"Unity.Services.Core","className":"UnityThreadUtils","methodName":"CaptureUnityThreadInfo","loadTypes":4,"isUnityClass":true},{"assemblyName":"Unity.VisualScripting.Core","nameSpace":"Unity.VisualScripting","className":"RuntimeVSUsageUtility","methodName":"RuntimeInitializeOnLoadBeforeSceneLoad","loadTypes":1,"isUnityClass":true},{"assemblyName":"Unity.Services.Core.Registration","nameSpace":"Unity.Services.Core.Registration","className":"CorePackageInitializer","methodName":"Register","loadTypes":1,"isUnityClass":true},{"assemblyName":"Unity.RenderPipelines.HighDefinition.Runtime","nameSpace":"UnityEngine.Rendering.HighDefinition","className":"HDRuntimeReflectionSystem","methodName":"Initialize","loadTypes":0,"isUnityClass":true},{"assemblyName":"Unity.RenderPipelines.HighDefinition.Runtime","nameSpace":"UnityEngine.Rendering.HighDefinition","className":"XRSystem","methodName":"XRSystemInit","loadTypes":3,"isUnityClass":true},{"assemblyName":"Unity.RenderPipelines.Core.Runtime","nameSpace":"UnityEngine.Rendering","className":"DebugUpdater","methodName":"RuntimeInit","loadTypes":0,"isUnityClass":true},{"assemblyName":"Fungus","nameSpace":"Fungus","className":"TMProLinkAnimator","methodName":"RegisterAutoAddTMPLinkAnim","loadTypes":0,"isUnityClass":false},{"assemblyName":"Fungus","nameSpace":"Fungus","className":"TMProLinkAnimator","methodName":"RegisterDefaultTMPLinkAnims","loadTypes":1,"isUnityClass":false}]}
